From	To
P29475	4842
P00797	5972
P04818	7298
P21917	1815
P00325	125
P48169	2557
P02787	7018
P35462	1814
P30519	3163
P07101	7054
Q01959	6531
P01375	7124
P09601	3162
P14416	1813
P11473	7421
P02741	1401
P37840	6622
P43004	6506
P98164	4036
P01189	5443
P01009	5265
Q04760	2739
P01042	3827
P01584	3553
P30793	2643
Q96EN8	55034
P27338	4129
P21397	4128
P27708	790
P50135	3176
P01024	718
P28476	2570
A8MPY1	200959
Q86SZ2	122553
P02786	7037
P46939	7402
Q16552	3605
P49281	4891
Q16595	2395
Q92570	8013
P32004	3897
Q5S007	120892
Q13163	5607
P15428	3248
P11766	128
P21728	1812
P29401	7086
P24530	1910
P00734	2147
P14780	4318
P21554	1268
Q07869	5465
P28702	6257
Q8IWU9	121278
P34972	1269
P21673	6303
P07741	353
Q05940	6571
P17752	7166
P03372	2099
P24046	2569
P80365	3291
P10275	367
P05091	217
P09172	1621
Q99720	10280
P48637	2937
Q9UI33	11280
P09619	5159
P00747	5340
P16442	28
P37231	5468
Q9UBS5	2550
P16083	4835
P12821	1636
P07327	124
P08912	1133
P30531	6529
P14679	7299
P80404	18
P29474	4846
Q08828	107
P08913	150
P08908	3350
P46098	3359
P39086	2897
Q9NR19	55902
Q9UM73	238
P08319	127
P00740	2158
Q05586	2902
Q06203	5471
Q99259	2571
P47869	2555
P25103	6869
P32238	886
Q13224	2904
P41143	4985
Q13936	775
P17516	1109
P28223	3356
Q14957	2905
P00326	126
P31644	2558
P28566	3354
P30837	219
P23975	6530
Q07343	5142
P40394	131
P28335	3358
P18405	6715
P04406	2597
P00352	216
P08172	1129
P14778	3554
P31213	6716
P42330	8644
Q05329	2572
Q9Y233	10846
P41145	4986
P08253	4313
P00390	2936
P34969	3363
P10276	5914
P24298	2875
P04278	6462
P10827	7067
P17735	6898
P11498	5091
P49589	833
P30536	706
P12081	3035
P31645	6532
P01178	5020
Q12879	2903
Q16445	2559
P00533	1956
P35372	4988
P47901	553
P04150	2908
P14867	2554
P28222	3351
P09488	2944
P30711	2952
Q13255	2911
Q13003	2899
Q14831	2917
O00222	2918
P06241	2534
P30559	5021
Q93088	635
P43681	1137
P43220	2740
Q16568	9607
Q14289	2185
P19440	2678
Q00535	1020
P05231	3569
Q6W5P4	387129
P01133	1950
P27986	5295
P16220	1385
P10145	3576
P52788	6611
P17405	6609
Q14416	2912
P29460	3593
P01137	7040
Q03181	5467
P09038	2247
P06850	1392
P48051	3763
P98160	3339
P04275	7450
P01019	183
P49841	2932
Q06124	5781
P01112	3265
P19838	4790
P01138	4803
P06881	796
P43003	6507
P02649	348
P27815	5141
P29218	3612
P32239	887
O60760	27306
P02751	2335
P41594	2915
P13569	1080
P25942	958
Q99808	2030
P04040	847
P48736	5294
P17900	2760
Q13426	7518
P62508	2104
P21964	1312
P11511	1588
P42898	4524
O00519	2166
P00813	100
P15104	2752
Q13427	9360
Q14832	2913
P18505	2560
P28472	2562
P47870	2561
P20815	1577
Q92769	3066
Q9UBN7	10013
P29371	6870
P41146	4987
P42336	5290
O00329	5293
P42338	5291
P07949	5979
P49146	4887
O00206	7099
P25929	4886
Q15761	4889
P22301	3586
P39905	2668
Q9NQX3	10243
Q9BY49	55825
P15289	410
P18509	116
P11509	1548
P04637	7157
Q92847	2693
P23560	627
P33151	1003
P15328	2348
P09429	3146
P40763	6774
P01303	4852
P05181	1571
P20813	1555
O14649	3777
P30926	1143
P32297	1136
P30532	1138
Q05901	1142
P12104	2169
P18507	2566
Q8N1C3	2565
Q99928	2567
Q16620	4915
O95622	111
P61626	4069
P45983	5599
Q16566	814
Q9UQM7	815
P01889	3106
P14550	10327
P07108	1622
P30084	1892
O14964	9146
P01106	4609
P01583	3552
P18510	3557
P01903	3122
O95264	9177
Q9UGI6	3782
Q9ULB1	9378
Q9C0B1	79068
Q16555	1808
Q8TAB3	57526
O43613	3061
P34998	1394
P80303	4925
P63244	10399
P42858	3064
Q9NYV7	50833
P21333	2316
Q8NFD2	255239
P29322	2046
Q9Y6R4	4216
Q9P0L2	4139
P32245	4160
P00738	3240
P06307	885
P02452	1277
P20309	1131
P14060	3283
P24752	38
P35610	6646
Q9NYK1	51284
P10415	596
P35354	5743
P09455	5947
P16050	246
P28845	3290
P34896	6470
P11926	4953
O15528	1594
P01130	3949
P04626	2064
P25101	1909
P02768	213
P06401	5241
P49585	5130
P19429	7137
P01589	3559
P08235	4306
Q01718	4158
Q9UKV0	9734
P16410	1493
P07858	1508
P01579	3458
P06730	1977
P35222	1499
P51580	7172
P62937	5478
P60568	3558
P13500	6347
Q92887	1244
P05362	3383
P04156	5621
P00450	1356
P42574	836
Q9NR96	54106
P61586	387
P48449	4047
P09874	142
P14174	4282
Q96AZ6	3669
P32119	7001
P19021	5066
P47989	7498
O95864	9415
Q9UGM6	10352
O00305	785
Q00653	4791
P00441	6647
P27695	328
P01911	3123
Q8WTS6	80854
Q13363	1487
P01270	5741
P00403	4513
O15392	332
Q9NPF7	51561
Q8NET8	162514
P05019	3479
P10644	5573
Q9NZQ7	29126
P10636	4137
Q15722	1241
P05112	3565
P35869	196
P23458	3716
P01920	3119
P51178	5333
P46459	4905
P49913	820
P35398	6095
Q15125	10682
P07288	354
F7VJQ1	5621
P02765	197
P04003	722
P35858	3483
P15924	1832
P46940	8826
Q13153	5058
Q9H4B4	1263
Q15139	5587
Q96BR1	23678
P11532	1756
P43657	10161
P41222	5730
Q9Y487	23545
P55211	842
O15123	285
P19113	3067
Q9UI32	27165
P00488	2162
P35228	4843
P30542	134
P00519	25
P23219	5742
P35916	2324
P17948	2321
Q9UPY5	23657
P06213	3643
O60931	1497
P04049	5894
P13716	210
P30556	185
P34995	5731
P11836	931
P51843	190
P10912	2690
P12277	1152
Q13639	3360
P14618	5315
P11229	1128
P17707	262
O76082	6584
P51606	5973
Q9H244	64805
P06746	5423
O95477	19
P22888	3973
P49419	501
P35498	6323
Q9H3S4	27010
Q02218	4967
P15692	7422
P20132	10993
P49916	3980
Q9UJ68	4482
P08588	153
O76074	8654
P56937	51478
P45381	443
Q8WTV0	949
P14061	3292
O15374	9122
P18858	3978
Q13564	8883
Q09428	6833
P56556	4700
P23381	7453
P06858	4023
P05121	5054
P09917	240
P00491	4860
Q9Y478	5564
O76054	23541
P08473	4311
P14207	2350
P01008	462
P05089	383
P30518	554
Q13258	5729
P31153	4144
Q16795	4704
P00480	5009
P02753	5950
Q99714	3028
P00918	760
P35520	102724560
P35520	875
P49286	4544
P00374	1719
P00395	4512
P02766	7276
P25098	156
P05093	1586
P20648	495
Q96I99	8801
P63098	5534
P43116	5732
P35968	3791
P04070	5624
P23945	2492
Q9GZT4	63826
P60880	6616
P08246	1991
P02794	2495
P50416	1374
Q00266	4143
P51659	3295
P13196	211
P19793	6256
P0DP23	801
P0DP23	805
P0DP23	808
P55017	6559
P04083	301
P04181	4942
P00338	3939
P22303	43
P31749	207
P30988	799
O60669	9194
P29466	834
Q96RQ3	56922
Q96A70	113451
O15427	9123
Q9UIC8	51451
P37023	94
P30939	3355
O95665	23620
O60706	10060
Q16718	4698
Q16739	7357
O43497	8913
P16473	7253
P41252	3376
Q9Y5K3	9468
P35348	148
P03886	4535
P41180	846
O94788	8854
P48039	4543
P20701	3683
P28329	1103
P04424	435
O60391	116444
P03905	4538
Q12791	3778
Q9NWM0	54498
Q04609	2346
P18089	151
P04035	3156
Q14534	6713
O43772	788
P40925	4190
P12235	291
Q9Y617	29968
P11586	4522
P52895	1646
P18031	5770
Q13085	31
Q8TDS4	338442
P42261	2890
Q8TCU5	116443
P14784	3560
P19235	2057
P03891	4536
P47712	5321
P17181	3454
P53985	6566
P51787	3784
P20138	945
O95169	4714
Q13131	5562
Q16515	40
O14842	2864
P05230	2246
P14902	3620
P07550	154
P62942	2280
O95342	8647
Q13946	5150
P12314	2209
Q03405	5329
O14556	26330
Q99707	4548
P09622	1738
Q15822	1135
P53004	644
Q9UI09	55967
P78540	384
Q9UBK8	4552
O94760	23576
Q9P2J5	51520
P14324	2224
P22033	4594
P40926	4191
P33527	4363
Q92731	2100
Q99062	1441
Q9UHC9	29881
Q9Y2Q3	373156
P21266	2947
P09211	2950
P78417	9446
P07203	2876
O43708	2954
O94925	2744
Q16099	2900
P42262	2891
P48058	2893
P42263	2892
O43451	8972
P07947	7525
P06239	3932
P42081	942
P33681	941
P17787	1141
P07333	1436
P27487	1803
P01031	727
P08069	3480
O60895	10266
P11086	5409
Q02750	5604
P05771	5579
P29972	358
P22102	2618
Q06520	6822
P26358	1786
P00749	5328
O95237	9227
O75015	2215
P20810	831
P35558	5105
P01023	2
P51681	1234
P05451	5967
Q99519	4758
P08581	4233
P62993	2885
P61073	7852
P03956	4312
P10997	3375
P02652	336
P28482	5594
P29274	135
P02763	5004
P01574	3456
P25116	2149
P08174	1604
P27169	5444
O75891	10840
P02778	3627
P00156	4519
P07339	1509
P07225	5627
P50406	3362
P20333	7133
P34913	2053
O75469	8856
P49327	2194
P45452	4322
Q9Y5N1	11255
P17936	3486
P13501	6352
P35568	3667
P04062	2629
P29074	5775
Q9BYF1	59272
P32418	6546
P56817	23621
Q99497	11315
Q7L0J3	9900
P02788	4057
Q16853	8639
P31930	7384
P29965	959
P99999	54205
P08311	1511
Q13464	6093
Q16539	1432
P03951	2160
Q8NER1	7442
P24385	595
P08183	5243
P21980	7052
P04629	4914
P05412	3725
P15502	2006
P43005	6505
P11166	6513
Q13231	1118
P27361	5595
O60858	10206
Q9UNQ0	9429
P16581	6401
P05164	4353
O60733	8398
P15144	290
Q15111	5334
P06493	983
P80188	3934
P00750	5327
P11413	2539
P23297	6271
Q9UM07	23569
P17302	2697
P21589	4907
P53779	5602
P11021	3309
P48651	9791
P11137	4133
P15309	55
P19367	3098
P63000	5879
P16070	960
P19320	7412
P08254	4314
Q16873	4056
P07900	3320
P14210	3082
O75762	8989
P16870	1363
Q08345	780
P08697	5345
P01100	2353
P17252	5578
P36969	2879
P19438	7132
P02774	2638
P48061	6387
O14920	3551
P05106	3690
P98170	331
O60603	7097
P45844	9619
P78559	4130
P31751	208
P63104	7534
P14410	6476
P04271	6285
P13726	2152
P30086	5037
P22894	4317
P14735	3416
P15559	1728
Q08257	1429
O15439	10257
P28161	2946
P08842	412
P06744	2821
P08100	6010
P22455	2264
P80511	6283
P05113	3567
P68400	1457
P02743	325
P31939	471
Q10588	683
Q9P2W7	27087
O75874	3417
P68363	10376
Q06187	695
Q08499	5144
Q9NP99	54210
P43403	7535
P43405	6850
P17931	3958
P68371	10383
P49137	9261
P36959	2766
P68366	7277
P30405	10105
P08631	3055
P50579	10988
P35030	5646
Q92876	5653
P55055	7376
P06132	7389
P14555	5320
P25774	1520
Q9Y286	27036
Q9Y5Y6	6768
P00751	629
P30305	994
P53355	1612
Q9HAN9	64802
P49759	1195
Q16775	3029
P55210	840
P00746	1675
P52732	3832
P37173	7048
Q05315	1178
P08238	3326
P51161	2172
Q16881	7296
O00408	5138
P00736	715
P02745	712
P08637	2214
P12318	2212
P11047	3915
P25391	284217
P27797	811
Q07954	4035
P13727	5553
P32927	1439
P34741	6383
P06400	5925
P29120	5122
Q16270	3490
P02461	1281
P11362	2260
P22607	2261
P07711	1514
P23763	6843
P63027	6844
Q01362	2206
P35237	5269
P09486	6678
P48147	5550
Q6ZQY3	339896
O14939	5338
P06276	590
Q13393	5337
Q9HBH1	64146
P50750	1025
P11802	1019
P21452	6865
Q7L266	80150
Q07075	2028
Q9H4Y5	119391
Q9NY59	55512
Q6IB77	10249
Q9ULC6	29943
Q9Y2J8	11240
P67775	5515
P23284	5479
P45877	5480
Q96I59	79731
P36544	1139
P36544	89832
P49721	5690
P10635	1565
P16435	5447
Q13547	3065
O15379	8841
Q16665	3091
P43115	5733
P20292	241
O00459	5296
Q92569	8503
P42345	2475
P41231	5029
P08865	3921
O14672	102
O60674	3717
Q13093	7941
P43490	10135
Q05655	5580
P24394	3566
P05177	1544
P35225	3596
P03952	3818
P32320	978
Q01726	4157
O14746	7015
P05155	710
Q5T4S7	23352
Q96EB6	23411
P07237	5034
P21796	7416
P10147	6348
Q15185	10728
P04141	1437
P42768	7454
P08684	1576
P23141	1066
P11712	1559
P08887	3570
P51687	6821
P80075	6355
P06703	6277
Q6UWP2	79154
P15531	4830
Q16698	1666
O76083	5152
P49763	5228
Q9Y691	10242
P15086	1360
P22392	4831
P07998	6035
Q03721	3749
Q16769	25797
P78368	1455
P30291	7465
P07384	823
Q13285	2516
Q9NXA8	23408
P35625	7078
Q86VB7	9332
P48357	3953
O96017	11200
O14757	1111
P05305	1906
P41597	729230
Q9NNW7	10587
P51671	6356
P05067	351
Q96BI3	51107
Q9NZ42	55851
Q13443	8754
P43235	1513
P55786	9520
Q92843	599
P50052	186
Q02156	5581
P04792	3315
O14793	2660
Q15116	5133
Q99527	2852
Q9H6X2	84168
P02647	335
Q14790	841
Q14956	10457
O43174	1592
P04439	3105
P40933	3600
P01308	3630
P01127	5155
P15391	930
P53420	1286
P15941	4582
P15169	1369
Q07820	4170
P49674	1454
P30411	624
Q00613	3297
Q96QU6	84680
P11597	1071
O14788	8600
Q9NR97	51311
P56524	9759
P30874	6752
P32745	6753
P33261	1557
P05108	1583
P22309	54658
P25024	3577
P52209	5226
P05556	3688
P06756	3685
Q9NRF9	54107
P11717	3482
Q12908	6555
Q8TCC7	9376
P19652	5005
P09237	4316
P50281	4323
Q9Y5R2	10893
P11474	2101
Q8NEB9	5289
Q08462	108
Q13526	5300
P48552	8204
P53350	5347
P30153	5518
P78536	6868
P17612	5566
P13051	7374
P45984	5601
Q99933	573
P11142	3312
Q13133	10062
P36897	7046
Q9UQF2	9479
P42892	1889
P62136	5499
P21281	526
Q15078	8851
P61313	6138
O75460	2081
P25705	498
P06576	506
P60174	7167
Q14994	9970
Q15118	5163
P28072	5694
P09466	5047
Q9Y6M4	1456
Q494W8	89832
P00414	4514
P20674	9377
P10176	1351
P14854	1340
P04054	5319
Q13627	1859
P41235	3172
P98155	7436
P0CG48	7316
O00141	6446
P14920	1610
P29597	7297
P08758	308
P49862	5650
P06396	2934
Q14494	4779
P23528	1072
O75116	9475
P06731	1048
Q08209	5530
P15151	5817
P61160	10097
P13639	1938
P05187	250
P07948	4067
P78362	6733
Q8IU85	57118
O00182	3965
P09848	3938
Q9NWZ3	51135
Q92793	1387
O14792	9957
O43612	3060
Q15796	4087
P04179	6648
O75390	1431
P08670	7431
P20472	5816
P22694	5567
Q8IWL2	653509
P11226	4153
P51149	7879
P04053	1791
P17600	6853
P63096	2770
P20645	4074
Q99798	50
P10600	7043
Q14643	3708
P78352	1742
P48735	3418
P68104	1915
P62837	7322
P20339	5868
P50897	5538
Q9NTG7	23410
P29323	2048
P09104	2026
P62166	23413
P62491	8766
P62826	5901
P0CG47	7314
O14874	10295
P55072	7415
Q92993	10524
O60493	8724
P55789	2671
P78330	5723
Q01082	6711
Q13838	7919
P13611	1462
P60953	998
Q9BVM4	87769
Q96QT4	54822
Q9UL54	9344
Q9Y6B6	51128
P41091	1968
Q9Y646	10404
P30041	9588
P31327	1373
P00748	2161
P54219	6570
P0C0L4	720
P0C0L4	721
P0C0L5	100293534
P0C0L5	721
Q9UQQ2	10019
Q14721	3745
P28065	5698
P42685	2444
P11274	613
P36507	5605
P31639	6524
Q14145	9817
Q15303	2066
Q7RTT9	222962
P48065	6539
P02795	4502
P13762	3126
Q30154	3127
Q9HAB3	79581
Q13315	472
O00264	10857
P04839	1536
P14598	653361
P15153	5880
Q9H2S1	3781
P54646	5563
Q14571	3709
Q14573	3710
Q9NP56	27115
O95263	8622
P15336	1386
P18848	468
P18850	22926
Q07021	708
Q6UX15	143903
P98066	7130
P10599	7295
P60709	60
P63261	71
P05090	347
Q15493	9104
Q92736	6262
P28907	952
P17676	1051
P60484	5728
P49908	6414
Q04206	5970
P09936	7345
P25713	4504
Q8TDU6	151306
Q99571	5025
P06733	2023
P29590	5371
O14618	9973
Q14978	9221
O60502	10724
Q06830	5052
O43614	3062
Q8NBP7	255738
Q99828	10519
P13693	7178
P28676	25801
P0DP24	801
P0DP24	805
P0DP24	808
P0DP25	801
P0DP25	805
P0DP25	808
P22676	794
Q86UW7	93664
P02655	344
P02656	345
P29372	4350
P05109	6279
P10809	3329
P22626	3181
P23246	6421
P31948	10963
P60842	1973
P04155	7031
Q96RI0	9002
P06702	6280
O15350	7161
P12644	652
Q99623	11331
P53805	1827
P38936	1026
Q14457	8678
P54652	3306
P61978	3190
P34932	3308
Q92598	10808
P60903	6281
P09493	7168
P54578	9097
P12004	5111
P02748	735
P08603	3075
P05156	3426
P10909	1191
P45973	23468
P36955	5176
P05160	2165
Q14624	3700
P02533	3861
P01011	12
P51693	333
Q06481	334
Q92945	8570
P48047	539
Q5SSJ5	50809
P06748	4869
P62753	6194
Q07955	6426
Q02083	27163
Q9HBA0	59341
P35579	4627
P31391	6754
P22897	4360
Q9UHD2	29110
Q13470	8711
Q06418	7301
Q2M2I8	22848
Q96RR4	10645
O14578	11113
P49760	1196
Q9UIK4	23604
P19525	5610
Q9P2K8	440275
P21709	2041
P54764	2043
P07332	2242
P49840	2931
P14616	3645
P51617	3654
P46734	5606
Q02779	4294
Q12852	7786
Q13164	5598
Q8IW41	8550
Q7KZI7	2011
P27448	4140
Q96L34	57787
O75914	5063
Q9NYY3	10769
Q13546	8737
P08922	6098
O75716	8576
P01350	2520
Q15910	2146
Q8IXJ6	22933
P35232	5245
Q86YN6	133522
P51575	5023
Q9UBL9	22953
P56373	5024
Q93086	5026
O15547	9127
Q99572	5027
P47900	5028
P51582	5030
Q9Y6H6	10008
Q9UQ05	23415
Q96L42	131096
P04114	338
P52824	1609
Q13574	8525
Q13488	10312
P61421	9114
O15342	8992
P36543	529
Q9UI12	51606
P49662	837
P20702	3687
P23634	493
P16278	2720
P0CG30	653689
Q9UBC3	1789
Q9NRA0	56848
P21802	2263
P12259	2153
P00742	2159
P02671	2243
P10646	7035
P05120	5055
P07359	2811
P02776	5196
P07204	7056
P16109	6403
Q9UNN8	10544
P07355	302
P02749	350
Q96IY4	1361
P40238	4352
P61769	567
P15813	912
P07202	7173
Q13509	10381
Q9BUF5	84617
P54762	2047
Q9BQB4	50964
P42357	3034
P21695	2819
P08514	3674
P48048	3758
P02818	632
P12931	6714
P21462	2357
P20594	4882
P13945	155
P10153	6036
P04745	276
P04745	277
P04745	278
P04075	226
P17342	4883
Q02763	7010
Q5NUL3	338557
Q96RD7	24145
P12883	4625
P51003	10914
P13498	1535
Q16558	3779
P36956	6720
P08493	4256
P30626	6717
Q99653	11261
Q9NZD4	51327
Q15238	5673
Q13219	5069
P81605	117159
P63252	3759
P00451	2157
Q9UBM7	1717
P10515	1737
P00492	3251
P31358	1043
P13688	634
P25021	3274
P08700	3562
Q9H3N8	59340
P36888	2322
O43175	26227
P20273	933
Q15046	3735
P54577	8565
P55157	4547
Q15758	6510
P10745	5949
P00915	759
P07766	916
P49915	8833
P16471	5618
O00555	773
P48029	6535
Q02127	1723
P35367	3269
P13612	3676
Q9UKU7	27034
O43776	4677
P15056	673
Q9NS40	90134
P06729	914
Q9H015	6583
P16234	5156
Q7Z4W1	51181
P51692	6777
P30044	25824
P12724	6037
P35270	6697
P24158	5657
P11387	7150
O14965	6790
Q9Y275	10673
Q00987	4193
Q9Y6L6	10599
P35557	2645
P01374	4049
P14625	7184
Q96C86	28960
Q13370	5140
P11309	5292
Q08881	3702
P41240	1445
Q04759	5588
P09871	716
P23526	191
P07477	5644
O60911	1515
P31994	2213
P68133	58
P31785	3561
P07942	3912
P01906	3118
Q96KS0	112398
Q9GZT9	54583
P49336	1024
Q07973	1591
Q9BXA5	56670
P78527	5591
Q9Y6K9	8517
P51686	10803
P26196	1656
Q92831	8850
Q9HB21	59338
Q9Y689	26225
Q13233	4214
P09693	917
P20963	919
Q9Y6Q6	8792
Q07011	3604
P25963	4792
P28908	943
P01730	920
P52333	3718
P17813	2022
P25092	2984
Q16706	4124
Q12884	2191
P35408	5734
Q8WUI4	51564
P35218	763
P23280	765
Q9H239	79148
Q9UNI1	1990
P24666	52
P62829	9349
P60900	5687
Q9HCD5	57727
P01116	3845
P16112	176
P60981	11034
Q12866	10461
Q96GR2	23205
O94768	9262
Q9BY32	3704
P13929	2027
P29508	6317
P09382	3956
P20823	6927
P19883	10468
Q92830	2648
P00973	4938
Q9BZZ2	6614
Q15382	6009
Q99873	3276
O00187	10747
P22001	3738
P40306	5699
P28062	5696
P79483	3125
P08686	1589
O95644	4772
P19878	4688
Q15080	4689
O95718	2103
Q96G91	5032
Q9HC97	2859
O75880	6341
P21453	1901
Q96DB2	79885
O14958	845
P31415	844
Q06323	5720
Q8TCT9	81502
Q9UJU2	51176
P39748	2237
P00846	4508
P61604	3336
Q969G3	6605
P06753	7170
P04264	3848
P13645	3858
P20851	725
Q9ULY5	26253
Q14103	3184
P39019	6223
P17844	1655
Q9HC29	64127
Q92911	6528
Q13188	6788
Q15208	11329
Q7L7X3	57551
Q9BXA7	83942
P30530	558
P51451	640
Q92918	11184
Q8IVH8	8491
Q8N4C8	50488
Q13177	5062
Q16513	5586
O43353	8767
P51679	1233
Q9Y6K1	1788
P02790	3263
P21860	2065
Q05209	5782
P29350	5777
P21549	189
P13647	3852
P51172	6339
Q12882	1806
P16455	4255
P39900	4321
P42126	1632
Q02880	7155
P08729	3855
Q9NWT6	55662
Q03403	7032
P0CG29	2953
Q96I15	51540
P31025	3933
P56537	3692
Q9NRH2	54861
O43246	6545
Q9NS75	57105
P00367	2746
O14727	317
Q14626	3590
P38484	3460
O14561	4706
P15509	1438
P00966	445
Q8NFJ5	9052
Q9Y271	10800
P15260	3459
P49448	2747
P17812	1503
P49888	6783
P27824	821
P26951	3563
P23946	1215
Q4U2R8	9356
P24941	1017
P04183	7083
Q96RI1	9971
P22749	10578
P05154	5104
P21912	6390
Q2M3G0	340273
Q06609	5888
P27707	1633
Q05397	5747
Q01064	5153
P21926	928
Q92934	572
O14763	8795
P06734	2208
Q07817	598
P04798	1543
P24462	100861540
P24462	1551
P63092	2778
Q13362	5527
P33981	7272
Q8IVS2	27349
P62913	6135
Q9UKQ2	10863
Q9NPH2	51477
P49411	7284
O75330	3161
Q14542	3177
Q9UP52	7036
Q9Y2D1	22809
P62736	59
O75340	10016
P04279	6406
Q969S8	83933
P14866	3191
Q6FHJ7	6424
P27635	6134
Q16518	6121
O75533	23451
Q9NSY1	55589
P29320	2042
O15197	2051
O95835	9113
Q16584	4296
Q14680	9833
O00750	5287
P40259	974
O14980	7514
Q92800	2145
Q02223	608
Q13423	23530
P26439	3284
P07195	3945
Q02809	5351
Q12809	3757
Q16647	5740
Q04828	1645
P30968	2798
P10826	5915
P15291	2683
Q9Y666	10723
Q99624	10991
Q00796	6652
P23921	6240
P08620	2249
P19801	26
P48551	3455
Q96Q40	65061
P30872	6751
P30049	513
P43155	1384
Q9P0J0	51079
P68871	3043
P49788	5918
P36896	91
Q14654	3767
P11388	7153
Q9NUB1	84532
P40261	4837
P32929	1491
P18283	2877
Q14833	2914
P29317	1969
P50225	6817
P47929	3963
P47929	653499
O94956	11309
Q16678	1545
P22061	5110
P48745	4856
Q9UKM7	11253
Q9BZX2	7371
Q9BY41	55869
P51512	4325
P49789	2272
P36952	5268
P24557	6916
P50613	1022
O00469	5352
P19971	1890
Q6NS38	121642
Q8IVL5	55214
Q00534	1021
Q96Q83	221120
P08263	2938
Q9HBH5	57665
P62714	5516
Q16206	10495
Q16790	768
P16422	4072
P31350	6241
P54760	2050
P48060	11010
Q9BUP3	10553
P31949	6282
P53041	5536
Q14541	3174
P12429	306
O15169	8312
Q96GD4	9212
P01563	3440
Q01344	3568
P27816	4134
Q9NPC1	56413
O60656	54600
Q06278	316
Q9UN88	55879
Q9NPD5	28234
P09238	4319
P24347	4320
O75900	8510
Q15788	8648
P20248	890
P31151	6278
O43293	1613
P63151	5520
Q16877	5210
Q00536	5127
P07737	5216
P59998	10093
Q16654	5166
P19105	10627
P26447	6275
O60218	57016
Q15648	5469
P11172	7372
P19622	2020
O14594	1463
P11233	5898
Q13882	5753
P49765	7423
P53667	3984
P04731	4489
P18847	467
Q9HBK9	57412
Q9Y5S8	27035
Q9NY56	29991
P04732	4493
P80297	4501
O75838	10518
Q96FQ6	140576
P12814	87
P51858	3068
P18669	5223
P31260	3206
P08648	3678
P52597	3185
P00739	3250
P35527	3857
P51884	4060
P14923	3728
P08779	3868
P37802	8407
Q9Y5S1	51393
Q01995	6876
P55073	1735
Q9UKI8	9874
O75385	8408
O15075	9201
Q9H2X6	28996
Q9UPZ9	22858
P53671	3985
Q8TD08	225689
Q04912	4486
Q15746	4638
O60285	9891
Q9H093	81788
Q9P286	57144
Q92482	360
Q99814	2034
Q96NY8	81607
Q99500	1903
P09758	4070
Q9Y4W6	10939
P49588	16
P08559	5160
P19634	6548
P00439	5053
Q09470	3736
P54886	5832
P10253	2548
P22557	212
O95831	9131
Q9UQD0	6334
Q6PI48	55157
Q9GZR5	6785
Q5JTZ9	57505
Q9NY47	9254
Q96KG9	57410
Q13885	7280
Q9UK17	3752
P35219	767
Q03426	4598
P16389	3737
P22460	3741
P17658	3742
P48547	3746
Q96PR1	3747
Q14003	3748
Q9H8P0	79644
P05129	5582
P78508	3766
P50993	477
P13637	478
Q9NYL2	51776
P04080	1476
Q9NYP7	60481
Q8NI60	56997
Q16512	5585
Q01814	491
Q16720	492
P37059	3294
Q9P0X4	8911
P12319	2205
P35626	157
P30613	5313
P13674	5033
P49591	6301
O15496	8399
Q9HCC0	64087
P02792	2512
Q969P6	116447
Q9Y289	8884
P11177	5162
Q9BYZ2	92483
Q9UHW9	9990
P13631	5916
P21918	1816
P07864	3948
O00180	3775
P50747	3141
P00387	1727
P48506	2729
O15403	9120
Q02338	622
P31040	6389
P36021	6567
P23786	1376
Q9NVS9	55163
P37088	6337
O75489	4722
P03897	4537
Q14524	6331
P30825	6541
P98194	27032
P08243	440
P32322	5831
P20061	6947
P29275	136
P49902	22978
Q04771	90
P13995	10797
Q96GD0	57026
O43676	4709
P34897	6472
O75251	374291
P10828	7068
Q16798	10873
P08709	2155
P18825	152
O95479	9563
P54368	4946
Q14749	27232
P49069	819
P00505	2806
Q16719	8942
O15554	3783
Q9UN76	11254
P10398	369
P42684	27
P10721	3815
P32754	3242
P22413	5167
O43181	4724
P54687	586
P34903	2556
Q12797	444
P17174	2805
Q7Z2H8	206358
P16066	4881
P52569	6542
Q16878	1036
P45954	36
P03915	4540
P47895	220
Q9Y6M9	4715
P06126	909
P43088	5737
P12236	293
Q02643	2692
P30085	51727
P33121	2180
O60701	7358
P41439	2352
Q13630	7264
Q16671	269
P48443	6258
P05141	292
P25100	146
P30838	218
O15382	587
P12268	3615
P15538	1584
P15121	231
P21731	6915
P20839	3614
Q07912	10188
O95470	8879
Q03013	2948
P22352	2878
Q13002	2898
P49019	8843
O95180	8912
O60427	3992
P49747	1311
P11217	5837
P02775	5473
P16860	4879
O60488	2182
P41250	2617
P63316	7134
P48549	3760
P22830	2235
Q96RJ0	134864
P11168	6514
P04004	7448
P06870	3816
Q13126	4507
P16444	1800
P00167	1528
P07602	5660
Q7Z2W7	79054
O15530	5170
Q9BWD1	39
Q9BQE3	84790
Q9Y663	9955
P23677	3706
O43570	771
P51151	9367
P11310	34
P10114	5911
Q99250	6326
Q9NY46	6328
O15230	3911
P05787	3856
P14543	4811
P05981	3249
P35346	6755
P11216	5834
P20711	1644
Q8TD30	84706
P09210	2939
Q32P28	64175
Q8IVL6	10536
Q8N543	55239
Q9H6Z9	112399
P22234	10606
Q8N142	122622
O15460	8974
Q9ULA0	23549
P46439	2949
P59796	257202
Q96SL4	2882
P23434	2653
Q14032	570
Q9P0Z9	51268
Q6TGC4	353238
P23743	1606
O43272	5625
Q9UGM1	55584
P28074	5693
P50391	100996758
P50391	5540
Q14627	3598
P06280	2717
P09467	2203
Q8WXI7	94025
Q16831	7378
O14717	1787
P52848	3340
P53778	6300
O00244	475
P54278	5395
P25311	563
P10632	1558
Q96CD2	60490
P16152	873
Q12756	547
Q9Y468	26013
P58335	118429
P18085	378
P16144	3691
Q7L5Y9	10296
Q8TDV5	139760
Q15759	5600
O15264	5603
Q9GZP0	80310
Q96AE4	8880
Q02224	1062
P04234	915
Q13421	10232
Q969F8	84634
P27037	92
P16615	488
Q03431	5745
P05186	249
P11678	8288
Q8IZS8	55799
P62745	388
Q95460	3140
P33402	2977
Q9Y2I1	11188
Q9NPC2	51305
O00591	2568
P00709	3906
P29034	6273
P33260	1562
Q7LG56	50484
Q07864	5426
P07098	8513
Q9NS85	56934
O75493	770
Q8N1Q1	377677
Q07699	6324
Q8IWT1	6330
O15440	10057
P51511	4324
Q9ULZ9	4326
Q8N119	118856
Q9NRE1	56547
P23258	7283
O60658	5151
Q9UNA0	11096
Q15596	10499
Q16651	5652
P15085	1357
Q9BVJ7	54935
Q13554	816
Q14914	22949
P51955	4751
Q9UGN5	10038
Q9NQS7	3619
P84077	375
P62750	6147
P62917	6132
P39023	6122
P08574	1537
P47985	7386
Q9UBT6	51426
P28838	51056
P30301	4284
P28070	5692
Q99436	5695
Q9HB40	59342
P19784	1459
P13073	1327
P10606	1329
P09669	1345
Q9UNK4	26279
Q9H2G2	9748
Q9Y6F1	10039
Q15375	2045
P04632	826
Q969V6	57591
P62330	382
O15143	10095
O15144	10109
Q15418	6195
P11684	7356
P35080	5217
P30419	4836
P55196	4301
Q86WA6	670
P80192	4293
Q9HBL8	57407
Q9Y3I0	51493
Q99470	6388
P15170	2935
P00558	5230
P02144	4151
P22570	2232
P35749	4629
P35241	5962
P26572	4245
P21283	528
P16930	2184
P50607	7275
Q9GZU7	58190
P61024	1163
P49368	7203
O75976	1362
P14621	98
P62258	7531
O60264	8467
Q16613	15
Q9UQB9	6795
P61587	390
O75676	8986
Q99661	11004
O15111	1147
Q99835	6608
Q16832	4921
Q9Y2U5	10746
Q5XXA6	55107
P57059	102724428
P57059	150094
Q8WXA8	170572
Q9HB55	64816
P51812	6197
Q05513	5590
Q9Y698	10369
Q15878	777
Q9UGJ0	51422
Q9UGI9	53632
Q96S86	145864
Q86UW8	404037
Q14520	3026
P62807	3017
P62807	8339
P62807	8343
P62807	8344
P62807	8346
P62807	8347
O95259	3756
O00299	1192
P67870	1460
Q86T13	161198
P09769	2268
P54756	2044
Q9Y2T6	9290
Q969S2	252969
O95750	9965
P46663	623
Q9UQL6	10014
P07438	4490
P04733	4494
P13640	4495
P80294	4496
Q8N339	4499
P35556	2201
P10589	7025
P09525	307
P43652	173
P30101	2923
P50453	5272
Q8N1G2	23070
Q9Y230	10856
Q15393	23450
Q9NR28	56616
P17980	5702
O43399	7165
P19823	3698
P35908	3849
P02750	116844
P46736	79184
Q86YZ3	388697
P02538	3853
P62241	6202
P46781	6203
Q15942	7791
P36894	657
Q13873	659
P20393	9572
Q14995	9975
Q9UK32	27330
Q9Y6E0	8428
Q9H2K8	51347
P35590	7075
Q86UE8	11011
Q9UKE5	23043
O00238	658
Q14012	8536
Q00532	8814
Q9Y463	9149
Q9UF33	285220
Q14164	9641
Q9Y2K2	23387
O43283	9175
Q99759	4215
O95819	9448
Q9Y2H9	22983
P42679	4145
Q9BUB5	8569
Q9HBH9	2872
P51956	4752
Q6P3R8	341676
Q16288	4916
O96013	10298
Q9NQU5	106821730
Q9NQU5	56924
Q86V86	415116
Q8TBX8	79837
Q99640	9088
O00444	10733
Q13523	8899
Q9BRS2	83732
Q9H0K1	23235
P36404	402
Q16659	5597
P41968	4159
Q9NPA2	64386
P53396	47
O95977	8698
P04196	3273
P41238	339
P20020	490
Q9H2H9	81539
Q96QD8	54407
O75185	9914
Q16850	1595
Q9Y5Y9	6336
O95069	3776
P15382	3753
P54289	781
P21817	6261
P35499	6329
P48544	3762
Q15842	3764
Q9NZV8	3751
Q9NY72	55800
Q09013	1760
Q13557	817
P36871	5236
P46976	2992
P22459	3739
Q59H18	100526835
Q59H18	51086
P33032	4161
Q8TD43	54795
Q9Y6J6	9992
Q8WWG9	23704
Q8NFA2	124056
Q14894	1428
Q9UG56	23761
Q16787	3909
P02458	1280
O60568	8985
Q9NSE4	55699
P37268	2222
P51570	2584
P40429	23521
P32019	3633
P05062	229
Q96L12	125972
O43526	3785
O43525	3786
Q9NR82	56479
Q9BQB6	79001
Q96PD7	84649
O14791	8542
Q96DP5	123263
P48764	6550
P54710	486
P05543	6906
P61457	5092
Q12851	5871
Q9Y600	51380
P69905	3039
P69905	3040
P08185	866
Q9UDX4	266629
O75311	8001
P47871	2642
P51648	224
O95865	23564
O60494	8029
P49366	1725
P02675	2244
P10768	2098
P04746	279
P26010	3695
Q9ULX7	23632
Q9UJT0	51175
P25788	5684
P09668	1512
Q96SW2	51185
Q9UHF0	6866
Q9Y616	11213
Q15800	6307
Q9BYV1	64902
Q15031	23395
Q02252	4329
P40939	3030
P47872	6344
P37058	3293
P0DMS8	140
Q16836	3033
P54802	4669
P41595	3357
Q8TE23	80834
O15269	10558
P43353	221
Q7RTX0	83756
P48163	4199
P16233	5406
O00763	32
P06732	1158
P14868	1615
P51788	1181
O15217	2941
Q9Y2Q0	10396
P35247	6441
P17213	671
P00568	203
P16519	5126
O95838	9340
Q8TCT1	162466
P55809	5019
O00341	6512
O14880	4259
P35754	2745
Q16760	8527
O43766	11019
P54284	784
Q01668	776
Q96FI4	79661
P20807	825
P17538	1504
P19099	1585
Q9Y5Y4	11251
Q13332	5802
P23467	5787
O14983	487
P04118	1208
O14818	5688
P24310	1346
Q9Y6Y9	23643
Q15119	5164
Q13555	818
Q16762	7263
P09110	30
Q9UL51	610
Q96S37	116085
Q01118	6332
Q99712	3772
O43741	5565
P48050	3761
Q92806	3765
P25105	5724
Q02818	4924
P23276	3792
O00303	8665
P67936	7171
O75636	8547
P50914	9045
Q15637	7536
Q9H422	10114
Q9Y4K4	11183
O15146	4593
O75747	5288
Q9Y6T7	1607
P48728	275
P78348	41
P43007	6509
P59768	54331
Q16348	6565
P20231	64499
P49356	100529261
P49356	2342
Q9NQ25	57823
P46597	438
Q8N8N7	145482
Q15661	7177
Q92696	5875
P53611	5876
Q9NPJ3	55856
Q14697	23193
Q7Z5B4	79608
P07498	1448
Q9BQI3	27102
P07478	5645
P04350	10382
P50440	2628
O15399	2906
Q9UHI5	23428
O14732	3613
Q14123	5137
P31942	3189
Q13237	5593
Q08188	7053
O14936	8573
Q9P2E9	6238
P41743	5584
P52564	5608
P27449	527
Q14432	5139
Q92953	9312
P31995	9103
P49257	3998
Q8NI22	90411
Q86U10	374569
P02679	2266
P51168	6338
O00764	8566
O95139	4712
P49821	4723
P05165	5095
P28331	4719
O43678	4695
O43837	3420
P35368	147
P30043	645
P23378	2731
P51164	496
Q16772	2940
P10696	251
Q15858	6335
P49773	3094
Q9UBX1	8722
Q14376	2582
P05452	7123
Q9BY66	8284
O14521	6392
Q99643	6391
Q5T601	266977
P09012	6626
Q9Y3R4	4759
P05162	3957
P38606	523
P25786	5682
P11488	2779
Q9P289	51765
P61158	10096
Q15120	5165
P17544	11016
P48723	6782
Q07020	6141
P62277	6207
Q9BYT3	65975
P51813	660
Q92772	8999
Q8N8Y2	245972
P10620	4257
O95363	10667
O60547	2762
Q9ULU8	8618
Q99829	8904
P50213	3419
Q16602	10203
Q15274	23475
P05023	476
Q08493	5143
Q99542	4327
Q9UHY7	58478
O00217	4728
O75746	8604
P38435	2677
Q9UN19	27071
Q96LZ3	5535
O75936	8424
P20618	5689
P45880	7417
O95749	9453
P49720	5691
Q6UWM7	197021
Q6NVY1	26275
P31323	5577
P49190	5746
P10915	1404
Q14872	4520
P31946	7529
P27348	10971
P29622	5267
P19827	3697
Q9C098	85443
Q9H2X9	57468
O15239	4694
P55011	6558
Q13621	6557
Q8N5Z0	51166
Q16478	2901
P34096	6038
P48664	6511
O75899	9568
Q9H228	53637
P63208	6500
Q96PY6	4750
P52429	8526
Q16773	883
P28221	3352
Q9NYX4	50632
Q8N9I0	127833
Q6YP21	56267
Q9NXG6	54681
Q08289	783
Q15825	8973
Q96MA6	158067
P47898	3361
Q8TCG2	55300
Q06033	3699
Q9ULD8	23416
Q86XP1	160851
P51170	6340
P49189	223
Q03154	95
P22748	762
O60664	10226
P46059	6564
O95255	368
P35243	5957
Q8NFW8	55907
Q9UEW8	27347
P37288	552
Q02928	1579
O60894	10267
P51800	1187
P09958	5045
P18846	466
O95747	9943
P09417	5860
Q13698	779
Q6WRI0	285313
Q9Y2Z4	51067
P43119	5739
Q9HCR9	50940
P14649	140465
Q8WY07	84889
O43704	27284
P22792	1370
Q96RQ9	259307
P30273	2207
P33316	1854
P02746	713
P02747	714
Q6IA69	55191
Q5JPH6	124454
P28066	5686
Q9UM01	9056
P01591	3512
P29376	4058
Q52WX2	388228
Q9UEE5	9263
O95670	534
Q99584	6284
P09884	5422
P16219	35
Q16134	2110
Q7Z406	79784
P15259	5224
O00142	7084
Q8IYT8	9706
P26639	6897
Q70Z44	200909
A5X5Y0	285242
P51649	7915
Q14353	2593
P55263	132
P56696	9132
Q9Y296	51399
P48066	6538
Q9NSD5	6540
Q8NEV4	53904
P15313	525
Q12965	4643
P47944	84560
Q96D53	79934
Q9H252	81033
Q9NSA0	55867
P25815	6286
P25787	5683
Q9Y4I5	9633
P46782	6193
O75348	9550
Q9NR33	56655
O60939	6327
P19404	4729
P07814	2058
Q08426	1962
O43681	439
Q71U36	7846
Q96LB9	114771
P13861	5576
Q99705	2847
P07919	7388
O15145	10094
Q96PD5	114770
Q9UF02	27091
P29973	1259
Q8TF61	150726
Q04917	7533
Q8TDR2	140901
O14976	2580
Q92781	5959
P49247	22934
P16591	2241
P03923	4541
Q969G6	55312
O95178	4708
P23919	1841
O00204	6820
P09960	4048
Q8WVQ1	124583
O60513	8702
Q9UJ70	55577
Q969I3	92292
Q8NBQ5	51170
P78334	2564
Q9UJM8	54363
P84098	6143
Q01581	3157
O75521	10455
Q8WWQ8	55576
Q13938	828
P15880	6187
P31943	3187
Q9UEW3	8685
P21291	1465
O15393	7113
P26640	7407
Q9Y285	2193
O75380	4726
P07437	203068
P23368	4200
O43674	4711
P08173	1132
P05166	5096
P48507	2730
P23416	2742
Q00975	774
P30520	159
Q16774	2987
O60840	778
Q86US8	23293
O43617	27095
Q9BVA1	347733
O14764	2563
P61927	6167
P36542	509
P02689	5375
Q86VU5	118881
P36405	403
P02708	1134
Q9UBN1	27092
Q9BXT2	59285
Q8WXS5	59283
P10412	3008
P43487	5902
Q6V0L0	340665
Q9NR63	56603
P04217	1
P31152	5596
P51957	6787
Q9BQ31	3790
O75912	9162
Q96A05	90423
P23415	2741
Q96T66	349565
Q15750	10454
Q75N90	84467
Q6ZN16	389840
P05546	3053
Q9H4B7	81027
Q6PHW0	389434
Q9Y619	10166
P53609	5229
Q14330	2841
Q9UJT1	51174
Q9BZV3	50939
Q9H1R3	85366
P42681	7294
Q32MK0	91807
P0DJD9	5222
Q7L3T8	25973
Q9NY65	51807
Q9NXE4	55627
Q9NRX3	56901
Q9UKG9	54677
O75600	23464
Q14181	23649
O75306	4720
Q8N0U8	154807
Q99418	9266
P55769	4809
P25789	5685
P54819	204
Q8N907	199699
Q8N5S9	84254
Q969I6	55089
P17050	4668
Q9NVH6	55217
Q9BXJ7	81693
Q05932	2356
Q6UWN8	404203
Q9Y266	10726
Q86VZ1	286530
Q96ER9	79714
Q9Y234	51601
Q9UJS0	10165
Q9HD40	51091
Q9BW92	80222
P14770	2815
Q9NZK7	30814
O43169	80777
Q5JVS0	22927
O95298	4718
Q02641	782
P52961	417
P07686	3074
Q9NZD2	51228
Q9ULW8	51702
Q9Y277	7419
Q9UHQ9	51706
O15304	10572
P62269	6222
Q6IQ20	222236
P48729	1452
O14735	10423
P07451	761
O15511	10092
P22314	7317
Q9UHC3	9311
O15375	9121
O75911	9249
O60882	9313
Q9H169	81551
Q86W47	27345
Q8NEY4	245973
Q9NSD9	10056
Q9UDW1	29796
O60896	10268
P49619	1608
P23469	5791
P22695	7385
P15954	1350
P19961	280
Q0VD83	55911
P47775	2835
Q99677	2846
P48167	2743
O94903	11212
Q8NCM2	27133
Q8TDN2	169522
Q14722	7881
Q13303	8514
Q96NR8	145226
P43080	118142757
P43080	2978
Q8N8R3	123096
P12532	1159
P12532	548596
P26440	3712
P17540	1160
Q9UP95	6560
P36873	5501
Q15075	8411
P49354	2339
P08048	7544
O43252	9061
P14927	7381
P24311	1349
Q460N3	165631
Q9Y6I3	29924
Q96BH3	64100
Q9NYQ3	51179
Q8NG66	79858
P35913	5158
Q8WYK2	122953
Q9NRP7	27148
Q9Y2H1	23012
Q6PHR2	25989
Q8TD19	91754
P78356	8396
O14730	8780
Q9H3Y6	6725
Q9BPV8	53829
Q93050	535
P54750	5136
Q9HBG4	50617
Q14565	11144
O14949	27089
P34981	7201
Q99884	6534
O60678	10196
Q03393	5805
Q86YB8	56605
O94804	6793
Q8IUZ5	85007
Q96NX5	57172
Q92952	3780
Q15155	23420
Q9P2N6	55683
Q56UN5	80122
Q15391	9934
Q92947	2639
Q5KSL6	139189
P43166	766
P08909	25187
P51160	5146
P16499	5145
P02918	947907
P02919	944843
P76577	947152
P0AD65	75205004
P0AD65	945240
P0AD68	75202099
P0AD68	944799
H3BUU9	1009
Q8MU52	811768
P0AES4	75206476
P0AES4	946614
Q59192	936151
P05653	940002
P56282	5427
P10613	3641571
Q8IVH4	166785
Q9Y4U1	25974
Q06432	786
Q14500	3768
O60359	10368
P62955	59284
Q7Z3S7	93589
O43193	2862
Q9GZZ6	57053
P02585	7125
P51857	6718
P12461	3643463
P00720	1258585
Q9Y257	9424
P50859	2887532
Q23022	172105
Q9N587	172150
Q27218	178269
P48181	172703
P9WJI5	888005
Q9NPA1	27094
Q16322	3744
Q9NSA2	3750
Q9UJ90	23630
Q9H3M0	3754
Q9UIX4	3755
Q9UJ96	26251
Q8TAE7	170850
Q8TDN1	93107
Q96KK3	3787
Q6PIU1	27012
Q9UNX9	3770
Q8TET4	2595
P0A7X3	949000
P0A7X3	98390344
P0A7V8	93778691
P0A7V8	947793
O00398	27334
P0AFU8	93775817
P0AFU8	945848
P18545	5148
Q13956	5149
Q89ZI2	60925570
P02359	947846
P0AG59	93778680
P0AG59	947801
P0A7V3	947814
P0A7V3	97603663
P0A7W7	93778681
P0A7W7	947802
P0A7U3	947811
P0A7U3	98390438
Q9Y4R7	26140
P0ABQ4	93777387
P0ABQ4	944790
Q9BTZ2	10901
Q8NBN7	112724
Q6NUM9	54884
Q8TC12	51109
Q9NYR8	50700
Q9UDX3	284904
Q9Y2D0	11238
